,"cpu,mem","cpu,disk_io","cpu,disk_space","mem,disk_io","mem, disk_space","disk_io, disk_space"
cpu,0,0,0,14.0800868332,15.372145238,9.0360989575
mem,0,14.0800868332,15.372145238,0,0,7.7137424561
disk_io,14.0800868332,0,9.0360989575,0,7.7137424561,0
disk_space,15.372145238,9.0360989575,0,7.7137424561,0,0
