cpuFuzzy,,,,
0.35296810920999994,0.34594732108000004,0.43378541392199998,0.92548114374000001,0.34460074393099999
0.31915938235500002,0.32247903095400005,0.92558375870100007,0.36696634552000001,0.92558375870100007
0.33393181389400001,0.92596718266299993,0.92596718266299993,0.92596718266299993,0.92596718266299993
0.36644199744599998,0.35412953650700002,0.92583570875300003,0.32346991706099998,0.34972715043000008
memFuzzy,,,,
0.0351686985913,0.0497156868869,0.21054103554900003,0.21054103554900003,0.034849708051000003
0.043865378227900008,0.036665958068699996,0.210575019335,0.041792339274499997,0.210575019335
0.210623297214,0.210623297214,0.038095550997900005,0.034967672318399999,0.0370027125906
0.0351766091522,0.037710902010100002,0.036745642024599998,0.21064043377200001,0.036582824563699996
