cpuFuzzy,,,,
0.319643384658,0.925695733523,0.385139649243,0.925695733523,0.355747687609
0.926080435163,0.333828595717,0.397610913215,0.327876421223,0.926080435163
0.338790825319,0.925948640642,0.354614827864,0.925948640642,0.360069714748
0.925995257001,0.334960391559,0.370548568101,0.329903953634,0.925995257001
memFuzzy,,,,
0.210558591325,0.0356504694006,0.210558591325,0.210558591325,0.0357265194603
0.210606893873,0.210606893873,0.210606893873,0.0345989291947,0.0367549266543
0.210624030998,0.0405763871794,0.210624030998,0.210624030998,0.210624030998
0.0415786880506,0.210656943359,0.0361807991638,0.0389048215338,0.210656943359
